<?xml version='1.1' encoding='UTF-8'?>
<org.jenkinsci.plugins.workflow.multibranch.WorkflowMultiBranchProject plugin="workflow-multibranch@2.20">
    <actions/>
    <description>This role installs HashiCorp vault on a target server</description>
    <properties>
        <com.datapipe.jenkins.vault.configuration.FolderVaultConfiguration plugin="hashicorp-vault-plugin@2.1.1">
            <configuration>
                <vaultUrl></vaultUrl>
                <vaultCredentialId></vaultCredentialId>
            </configuration>
        </com.datapipe.jenkins.vault.configuration.FolderVaultConfiguration>
        <org.jenkinsci.plugins.pipeline.modeldefinition.config.FolderConfig plugin="pipeline-model-definition@1.3.1">
            <dockerLabel></dockerLabel>
            <registry plugin="docker-commons@1.13"/>
        </org.jenkinsci.plugins.pipeline.modeldefinition.config.FolderConfig>
        <org.jenkinsci.plugins.configfiles.folder.FolderConfigFileProperty plugin="config-file-provider@2.18">
            <configs class="sorted-set">
                <comparator class="org.jenkinsci.plugins.configfiles.folder.FolderConfigFileProperty$1"/>
            </configs>
        </org.jenkinsci.plugins.configfiles.folder.FolderConfigFileProperty>
    </properties>
    <folderViews class="jenkins.branch.MultiBranchProjectViewHolder" plugin="branch-api@2.0.20">
        <owner class="org.jenkinsci.plugins.workflow.multibranch.WorkflowMultiBranchProject" reference="../.."/>
    </folderViews>
    <healthMetrics/>
    <icon class="jenkins.branch.MetadataActionFolderIcon" plugin="branch-api@2.0.20">
        <owner class="org.jenkinsci.plugins.workflow.multibranch.WorkflowMultiBranchProject" reference="../.."/>
    </icon>
    <orphanedItemStrategy class="com.cloudbees.hudson.plugins.folder.computed.DefaultOrphanedItemStrategy" plugin="cloudbees-folder@6.5.1">
        <pruneDeadBranches>true</pruneDeadBranches>
        <daysToKeep>-1</daysToKeep>
        <numToKeep>30</numToKeep>
    </orphanedItemStrategy>
    <triggers/>
    <disabled>false</disabled>
    <sources class="jenkins.branch.MultiBranchProject$BranchSourceList" plugin="branch-api@2.0.20">
        <data>
            <jenkins.branch.BranchSource>
                <source class="org.jenkinsci.plugins.github_branch_source.GitHubSCMSource" plugin="github-branch-source@2.3.6">
                    <id>c98d55e8-9add-490f-bf35-2096522811aa</id>
                    <apiUri>https://cscgithub.cscglobal.com/api/v3</apiUri>
                    <credentialsId>svcinfrabot</credentialsId>
                    <repoOwner>INFRA</repoOwner>
                    <repository>ansible-role_hcv_linux_root_password_rotation_deploy_hcv_lab_app</repository>
                    <traits>
                        <org.jenkinsci.plugins.github__branch__source.BranchDiscoveryTrait>
                            <strategyId>3</strategyId>
                        </org.jenkinsci.plugins.github__branch__source.BranchDiscoveryTrait>
                        <org.jenkinsci.plugins.github__branch__source.OriginPullRequestDiscoveryTrait>
                            <strategyId>1</strategyId>
                        </org.jenkinsci.plugins.github__branch__source.OriginPullRequestDiscoveryTrait>
                        <org.jenkinsci.plugins.github__branch__source.ForkPullRequestDiscoveryTrait>
                            <strategyId>1</strategyId>
                            <trust class="org.jenkinsci.plugins.github_branch_source.ForkPullRequestDiscoveryTrait$TrustPermission"/>
                        </org.jenkinsci.plugins.github__branch__source.ForkPullRequestDiscoveryTrait>
                        <org.jenkinsci.plugins.github__branch__source.TagDiscoveryTrait/>
                        <jenkins.plugins.git.traits.CleanBeforeCheckoutTrait plugin="git@3.9.1">
                            <extension class="hudson.plugins.git.extensions.impl.CleanBeforeCheckout"/>
                        </jenkins.plugins.git.traits.CleanBeforeCheckoutTrait>
                    </traits>
                </source>
                <strategy class="jenkins.branch.DefaultBranchPropertyStrategy">
                    <properties class="empty-list"/>
                </strategy>
            </jenkins.branch.BranchSource>
        </data>
        <owner class="org.jenkinsci.plugins.workflow.multibranch.WorkflowMultiBranchProject" reference="../.."/>
    </sources>
    <factory class="org.jenkinsci.plugins.workflow.multibranch.WorkflowBranchProjectFactory">
        <owner class="org.jenkinsci.plugins.workflow.multibranch.WorkflowMultiBranchProject" reference="../.."/>
        <scriptPath>.ci/Jenkinsfile</scriptPath>
    </factory>
</org.jenkinsci.plugins.workflow.multibranch.WorkflowMultiBranchProject>